Path,File,Date Acquired,Sample,Misc
C:\Users\vvannost\Documents\,Pain01.d,9/28/2020 13:52,Mixture, 
TIC: Pain01.d\data.ms,,,,
4.093,7434,,,
4.098,9288,,,
4.104,9832,,,
4.109,12902,,,
4.115,9985,,,
4.12,12413,,,
4.126,13713,,,
4.131,10008,,,
4.137,10620,,,
4.142,10604,,,
4.148,12457,,,
4.153,12994,,,
4.159,10416,,,
4.164,8611,,,
4.17,10707,,,
4.175,13916,,,
4.181,8884,,,
4.186,8918,,,
4.192,9742,,,
4.197,13598,,,
4.203,12612,,,
4.208,9138,,,
4.214,12319,,,
4.219,9956,,,
4.225,9691,,,
4.23,9108,,,
4.236,13752,,,
4.241,10047,,,
4.247,14578,,,
4.252,10692,,,
4.258,13618,,,
4.263,9400,,,
4.269,12688,,,
4.274,19333,,,
4.28,28526,,,
4.285,27157,,,
4.291,22065,,,
4.296,14445,,,
4.302,12122,,,
4.307,11079,,,
4.313,12631,,,
4.318,12775,,,
4.324,12611,,,
4.329,11424,,,
4.335,10972,,,
4.34,10884,,,
4.346,11772,,,
4.351,18585,,,
4.357,13765,,,
4.362,14798,,,
4.368,16838,,,
4.373,15147,,,
4.379,16103,,,
4.384,16034,,,
4.39,14802,,,
4.395,16705,,,
4.401,14144,,,
4.406,15616,,,
4.412,13912,,,
4.417,10654,,,
4.423,14027,,,
4.428,16871,,,
4.434,15500,,,
4.439,14093,,,
4.445,11561,,,
4.45,15281,,,
4.456,15380,,,
4.461,18343,,,
4.467,16684,,,
4.472,18079,,,
4.478,19787,,,
4.483,10346,,,
4.489,14708,,,
4.494,14436,,,
4.5,18301,,,
4.505,16907,,,
4.511,12597,,,
4.516,16587,,,
4.522,16887,,,
4.527,13030,,,
4.533,14542,,,
4.538,16841,,,
4.544,21548,,,
4.549,20038,,,
4.555,17395,,,
4.56,19223,,,
4.566,17599,,,
4.571,14570,,,
4.577,13284,,,
4.582,14993,,,
4.588,16207,,,
4.593,19576,,,
4.599,20910,,,
4.604,18579,,,
4.61,21685,,,
4.615,16265,,,
4.621,15863,,,
4.627,14680,,,
4.632,18723,,,
4.638,16528,,,
4.643,16515,,,
4.649,20632,,,
4.654,20256,,,
4.66,21462,,,
4.665,16603,,,
4.671,20399,,,
4.676,21467,,,
4.682,22683,,,
4.687,19834,,,
4.693,20302,,,
4.698,18662,,,
4.704,17756,,,
4.709,22157,,,
4.715,19755,,,
4.72,25249,,,
4.726,20136,,,
4.731,22816,,,
4.737,20259,,,
4.742,18783,,,
4.748,22904,,,
4.753,18172,,,
4.759,19078,,,
4.764,21913,,,
4.77,17245,,,
4.775,20738,,,
4.781,18988,,,
4.786,23348,,,
4.792,18502,,,
4.797,21475,,,
4.803,17111,,,
4.808,19523,,,
4.814,21483,,,
4.819,19504,,,
4.825,20617,,,
4.83,19097,,,
4.836,21207,,,
4.841,19239,,,
4.847,19859,,,
4.852,22765,,,
4.858,19626,,,
4.863,20487,,,
4.869,20669,,,
4.874,21364,,,
4.88,16332,,,
4.885,19050,,,
4.891,18586,,,
4.896,20440,,,
4.902,19945,,,
4.907,20010,,,
4.913,23466,,,
4.918,21094,,,
4.924,18219,,,
4.929,21168,,,
4.935,18337,,,
4.94,24231,,,
4.946,17396,,,
4.951,20522,,,
4.957,20639,,,
4.962,22423,,,
4.968,21954,,,
4.973,21382,,,
4.979,19571,,,
4.984,21058,,,
4.99,19653,,,
4.995,22671,,,
5.001,19735,,,
5.006,20831,,,
5.012,24558,,,
5.017,26894,,,
5.023,20459,,,
5.028,21140,,,
5.034,20619,,,
5.039,21544,,,
5.045,26148,,,
5.05,22067,,,
5.056,19214,,,
5.061,21640,,,
5.067,21293,,,
5.072,21047,,,
5.078,20210,,,
5.083,17663,,,
5.089,21471,,,
5.094,21378,,,
5.1,23578,,,
5.105,12230,,,
5.111,12036,,,
5.116,9802,,,
5.122,9439,,,
5.127,10032,,,
5.133,9399,,,
5.138,7434,,,
5.144,10951,,,
5.149,9811,,,
5.155,14677,,,
5.16,10894,,,
5.166,8576,,,
5.171,9817,,,
5.177,12230,,,
5.182,12036,,,
5.188,9802,,,
5.193,9439,,,
5.199,10032,,,
5.204,9399,,,
5.21,7434,,,
5.215,9288,,,
5.221,9832,,,
5.226,12902,,,
5.232,9985,,,
5.237,12413,,,
5.243,13713,,,
5.248,10008,,,
5.254,10620,,,
5.259,10604,,,
5.265,12457,,,
5.27,12994,,,
5.276,10416,,,
5.281,8611,,,
5.287,10707,,,
5.292,13916,,,
5.298,8884,,,
5.303,8918,,,
5.309,9742,,,
5.314,13598,,,
5.32,12612,,,
5.325,9138,,,
5.331,12319,,,
5.336,9956,,,
5.342,9691,,,
5.347,9108,,,
5.353,13752,,,
5.358,10047,,,
5.364,14578,,,
5.369,10692,,,
5.375,13618,,,
5.38,9400,,,
5.386,12688,,,
5.391,19333,,,
5.397,28526,,,
5.402,27157,,,
5.408,22065,,,
5.413,14445,,,
5.419,12122,,,
5.424,11079,,,
5.43,12631,,,
5.435,12775,,,
5.441,12611,,,
5.446,11424,,,
5.452,10972,,,
5.457,10884,,,
5.463,11772,,,
5.468,18585,,,
5.474,13765,,,
5.479,14798,,,
5.485,16838,,,
5.49,15147,,,
5.496,16103,,,
5.501,16034,,,
5.507,14802,,,
5.512,16705,,,
5.518,14144,,,
5.523,15616,,,
5.529,13912,,,
5.534,10654,,,
5.54,14027,,,
5.545,16871,,,
5.551,15500,,,
5.556,14093,,,
5.562,11561,,,
5.567,15281,,,
5.573,15380,,,
5.578,18343,,,
5.584,16684,,,
5.589,18079,,,
5.595,19787,,,
5.6,10346,,,
5.606,14708,,,
5.611,14436,,,
5.617,18301,,,
5.622,16907,,,
5.628,12597,,,
5.633,16587,,,
5.639,16887,,,
5.644,13030,,,
5.65,14542,,,
5.655,16841,,,
5.661,21548,,,
5.666,20038,,,
5.672,17395,,,
5.677,19223,,,
5.683,17599,,,
5.688,14570,,,
5.694,13284,,,
5.699,14993,,,
5.705,16207,,,
5.71,19576,,,
5.716,20910,,,
5.721,18579,,,
5.727,21685,,,
5.732,16265,,,
5.738,15863,,,
5.743,14680,,,
5.749,18723,,,
5.754,16528,,,
5.76,16515,,,
5.765,20632,,,
5.771,20256,,,
5.776,21462,,,
5.782,16603,,,
5.787,20399,,,
5.793,21467,,,
5.798,22683,,,
5.804,19834,,,
5.809,20302,,,
5.815,18662,,,
5.82,17756,,,
5.826,22157,,,
5.831,19755,,,
5.837,25249,,,
5.842,20136,,,
5.848,22816,,,
5.853,20259,,,
5.859,18783,,,
5.864,22904,,,
5.87,18172,,,
5.875,19078,,,
5.881,21913,,,
5.886,17245,,,
5.892,20738,,,
5.897,18988,,,
5.903,23348,,,
5.909,18502,,,
5.914,21475,,,
5.92,17111,,,
5.925,19523,,,
5.931,21483,,,
5.936,19504,,,
5.942,20617,,,
5.947,19097,,,
5.953,21207,,,
5.958,19239,,,
5.964,19859,,,
5.969,22765,,,
5.975,19626,,,
5.98,20487,,,
5.986,20669,,,
5.991,21364,,,
5.997,16332,,,
6.002,19050,,,
6.008,18586,,,
6.013,20440,,,
6.019,19945,,,
6.024,20010,,,
6.03,23466,,,
6.035,21094,,,
6.041,18219,,,
6.046,21168,,,
6.052,18337,,,
6.057,24231,,,
6.063,17396,,,
6.068,20522,,,
6.074,20639,,,
6.079,22423,,,
6.085,21954,,,
6.09,21382,,,
6.096,19571,,,
6.101,21058,,,
6.107,19653,,,
6.112,22671,,,
6.118,19735,,,
6.123,20831,,,
6.129,24558,,,
6.134,26894,,,
6.14,20459,,,
6.145,21140,,,
6.151,20619,,,
6.156,21544,,,
6.162,26148,,,
6.167,22067,,,
6.173,19214,,,
6.178,21640,,,
6.184,21293,,,
6.189,21047,,,
6.195,20210,,,
6.2,17663,,,
6.206,21471,,,
6.211,21378,,,
6.217,23578,,,
6.222,23820,,,
6.228,19284,,,
6.233,23609,,,
6.239,22916,,,
6.244,22252,,,
6.25,23861,,,
6.255,22035,,,
6.261,22318,,,
6.266,19190,,,
6.272,20845,,,
6.277,23121,,,
6.283,18266,,,
6.288,21965,,,
6.294,22676,,,
6.299,22784,,,
6.305,22427,,,
6.31,23964,,,
6.316,24455,,,
6.321,23259,,,
6.327,23998,,,
6.332,23854,,,
6.338,22179,,,
6.343,22353,,,
6.349,24014,,,
6.354,27390,,,
6.36,24092,,,
6.365,24809,,,
6.371,23399,,,
6.376,25813,,,
6.382,22589,,,
6.387,25921,,,
6.393,28453,,,
6.398,25282,,,
6.404,24058,,,
6.409,20386,,,
6.415,25965,,,
6.42,24129,,,
6.426,23865,,,
6.431,24398,,,
6.437,26932,,,
6.442,28747,,,
6.448,26355,,,
6.453,21678,,,
6.459,25152,,,
6.464,26207,,,
6.47,27953,,,
6.475,29238,,,
6.481,29914,,,
6.486,26984,,,
6.492,26190,,,
6.497,27500,,,
6.503,25427,,,
6.508,31523,,,
6.514,30825,,,
6.519,32278,,,
6.525,29627,,,
6.53,27036,,,
6.536,26272,,,
6.541,25383,,,
6.547,25889,,,
6.552,30051,,,
6.558,23855,,,
6.563,28438,,,
6.569,27492,,,
6.574,24990,,,
6.58,27618,,,
6.585,30328,,,
6.591,24924,,,
6.596,26997,,,
6.602,27272,,,
6.607,26696,,,
6.613,25227,,,
6.618,27951,,,
6.624,29008,,,
6.629,29006,,,
6.635,31108,,,
6.64,28951,,,
6.646,31103,,,
6.651,25528,,,
6.657,30424,,,
6.662,27749,,,
6.668,26907,,,
6.673,32014,,,
6.679,28302,,,
6.684,32576,,,
6.69,30145,,,
6.695,27105,,,
6.701,29637,,,
6.706,34171,,,
6.712,33547,,,
6.717,26779,,,
6.723,29063,,,
6.728,27345,,,
6.734,29603,,,
6.739,28514,,,
6.745,27555,,,
6.75,28227,,,
6.756,29459,,,
6.761,32665,,,
6.767,38335,,,
6.772,46247,,,
6.778,63690,,,
6.783,67914,,,
6.789,50725,,,
6.794,42453,,,
6.8,36364,,,
6.805,31458,,,
6.811,34423,,,
6.816,32211,,,
6.822,30629,,,
6.827,25966,,,
6.833,32273,,,
6.838,34961,,,
6.844,29580,,,
6.849,30198,,,
6.855,28174,,,
6.86,33960,,,
6.866,30902,,,
6.871,26136,,,
6.877,30319,,,
6.882,27544,,,
6.888,30253,,,
6.893,30362,,,
6.899,28939,,,
6.904,34408,,,
6.91,33437,,,
6.915,36151,,,
6.921,35523,,,
6.926,26033,,,
6.932,32274,,,
6.937,27488,,,
6.943,27249,,,
6.948,31021,,,
6.954,28240,,,
6.959,30793,,,
6.965,29527,,,
6.97,29600,,,
6.976,28572,,,
6.981,28690,,,
6.987,29948,,,
6.992,31962,,,
6.998,31837,,,
7.003,30515,,,
7.009,26646,,,
7.014,32292,,,
7.02,29781,,,
7.025,30030,,,
7.031,31827,,,
7.036,26451,,,
7.042,30223,,,
7.047,30203,,,
7.053,31429,,,
7.058,28567,,,
7.064,28195,,,
7.069,29999,,,
7.075,27577,,,
7.08,31471,,,
7.086,35738,,,
7.091,36376,,,
7.097,31851,,,
7.102,30758,,,
7.108,37063,,,
7.113,31471,,,
7.119,29302,,,
7.124,29999,,,
7.13,31892,,,
7.135,33185,,,
7.141,31988,,,
7.146,32585,,,
7.152,32252,,,
7.157,32613,,,
7.163,28900,,,
7.168,30037,,,
7.174,28279,,,
7.179,33141,,,
7.185,27878,,,
7.191,28836,,,
7.196,31332,,,
7.202,28310,,,
7.207,28923,,,
7.213,33246,,,
7.218,29841,,,
7.224,34155,,,
7.229,28434,,,
7.235,30901,,,
7.24,34872,,,
7.246,32965,,,
7.251,31377,,,
7.257,29477,,,
7.262,32263,,,
7.268,28696,,,
7.273,32321,,,
7.279,28413,,,
7.284,25038,,,
7.29,28584,,,
7.295,27931,,,
7.301,31932,,,
7.306,31326,,,
7.312,32301,,,
7.317,32265,,,
7.323,29828,,,
7.328,28972,,,
7.334,26380,,,
7.339,32320,,,
7.345,27785,,,
7.35,33310,,,
7.356,29551,,,
7.361,29169,,,
7.367,27817,,,
7.372,28964,,,
7.378,32185,,,
7.383,30492,,,
7.389,30880,,,
7.394,31124,,,
7.4,27838,,,
7.405,31495,,,
7.411,29990,,,
7.416,36413,,,
7.422,28880,,,
7.427,29657,,,
7.433,28848,,,
7.438,29524,,,
7.444,31224,,,
7.449,26842,,,
7.455,29393,,,
7.46,29835,,,
7.466,30839,,,
7.471,30245,,,
7.477,23205,,,
7.482,25498,,,
7.488,29852,,,
7.493,28290,,,
7.499,25144,,,
7.504,27360,,,
7.51,31240,,,
7.515,26943,,,
7.521,26494,,,
7.526,30281,,,
7.532,29369,,,
7.537,35453,,,
7.543,27431,,,
7.548,25738,,,
7.554,31897,,,
7.559,30556,,,
7.565,27449,,,
7.57,29166,,,
7.576,28848,,,
7.581,26846,,,
7.587,24636,,,
7.592,25205,,,
7.598,30619,,,
7.603,32911,,,
7.609,28725,,,
7.614,29720,,,
7.62,25148,,,
7.625,30692,,,
7.631,26815,,,
7.636,30962,,,
7.642,30060,,,
7.647,32693,,,
7.653,27136,,,
7.658,29108,,,
7.664,30846,,,
7.669,26097,,,
7.675,30168,,,
7.68,30503,,,
7.686,27751,,,
7.691,25211,,,
7.697,31031,,,
7.702,32163,,,
7.708,24545,,,
7.713,28482,,,
7.719,25617,,,
7.724,27667,,,
7.73,28023,,,
7.735,25843,,,
7.741,26611,,,
7.746,28575,,,
7.752,30301,,,
7.757,30044,,,
7.763,29148,,,
7.768,28827,,,
7.774,27836,,,
7.779,29304,,,
7.785,30403,,,
7.79,29160,,,
7.796,30701,,,
7.801,29708,,,
7.807,29211,,,
7.812,32253,,,
7.818,33002,,,
7.823,29221,,,
7.829,34045,,,
7.834,28780,,,
7.84,27193,,,
7.845,31078,,,
7.851,27550,,,
7.856,30542,,,
7.862,34557,,,
7.867,27129,,,
7.873,27053,,,
7.878,26071,,,
7.884,31204,,,
7.889,32106,,,
7.895,34762,,,
7.9,33957,,,
7.906,27975,,,
7.911,30277,,,
7.917,29806,,,
7.922,28878,,,
7.928,26992,,,
7.933,30624,,,
7.939,29230,,,
7.944,24363,,,
7.95,29490,,,
7.955,29421,,,
7.961,28857,,,
7.966,26888,,,
7.972,26593,,,
7.977,29111,,,
7.983,26848,,,
7.988,31602,,,
7.994,34312,,,
7.999,36157,,,
8.005,31426,,,
8.01,31046,,,
8.016,29669,,,
8.021,33920,,,
8.027,28397,,,
8.032,34178,,,
8.038,27902,,,
8.043,32293,,,
8.049,30030,,,
8.054,28460,,,
8.06,33877,,,
8.065,37493,,,
8.071,36670,,,
8.076,32219,,,
8.082,32312,,,
8.087,28940,,,
8.093,36983,,,
8.098,29715,,,
8.104,27041,,,
8.109,27592,,,
8.115,27421,,,
8.12,27596,,,
8.126,29236,,,
8.131,30316,,,
8.137,32443,,,
8.142,31640,,,
8.148,31788,,,
8.153,31445,,,
8.159,31276,,,
8.164,29343,,,
8.17,29910,,,
8.175,29598,,,
8.181,28337,,,
8.186,27880,,,
8.192,37071,,,
8.197,30626,,,
8.203,29649,,,
8.208,30755,,,
8.214,29741,,,
8.219,31402,,,
8.225,27609,,,
8.23,31914,,,
8.236,32853,,,
8.241,30949,,,
8.247,36824,,,
8.252,28684,,,
8.258,28043,,,
8.263,34555,,,
8.269,31558,,,
8.274,30810,,,
8.28,37668,,,
8.285,32248,,,
8.291,32265,,,
8.296,31789,,,
8.302,35550,,,
8.307,32758,,,
8.313,28641,,,
8.318,30667,,,
8.324,28230,,,
8.329,30174,,,
8.335,29696,,,
8.34,31313,,,
8.346,29305,,,
8.351,29899,,,
8.357,34744,,,
8.362,31660,,,
8.368,32171,,,
8.373,32535,,,
8.379,31611,,,
8.384,31814,,,
8.39,31405,,,
8.395,31353,,,
8.401,29752,,,
8.406,33019,,,
8.412,36054,,,
8.417,31670,,,
8.423,32132,,,
8.428,31852,,,
8.434,31556,,,
8.439,36040,,,
8.445,34390,,,
8.45,32102,,,
8.456,33880,,,
8.461,34509,,,
8.467,32525,,,
8.472,34573,,,
8.478,36715,,,
8.483,31190,,,
8.489,32913,,,
8.495,32238,,,
8.5,33115,,,
8.505,32395,,,
8.511,32248,,,
8.517,30648,,,
8.522,28626,,,
8.527,36801,,,
8.533,31538,,,
8.539,33522,,,
8.544,28627,,,
8.55,35888,,,
8.555,35999,,,
8.561,41269,,,
8.566,37477,,,
8.572,36451,,,
8.577,35886,,,
8.583,32881,,,
8.588,33329,,,
8.594,34613,,,
8.599,33831,,,
8.605,33516,,,
8.61,38305,,,
8.616,32222,,,
8.621,34105,,,
8.627,33587,,,
8.632,29040,,,
8.638,31244,,,
8.643,31107,,,
8.649,34949,,,
8.654,35042,,,
8.66,35994,,,
8.665,33534,,,
8.671,35650,,,
8.676,34064,,,
8.682,32759,,,
8.687,33528,,,
8.693,32377,,,
8.698,34203,,,
8.704,31467,,,
8.709,39236,,,
8.715,35139,,,
8.72,41845,,,
8.726,35719,,,
8.731,29411,,,
8.737,37902,,,
8.742,34823,,,
8.748,35452,,,
8.753,37933,,,
8.759,35924,,,
8.764,41190,,,
8.77,37224,,,
8.775,38855,,,
8.781,35596,,,
8.786,45334,,,
8.792,37556,,,
8.797,40846,,,
8.803,45114,,,
8.808,41097,,,
8.814,37811,,,
8.819,44527,,,
8.825,40750,,,
8.83,41389,,,
8.836,43799,,,
8.841,42152,,,
8.847,44129,,,
8.852,47356,,,
8.858,47172,,,
8.863,44966,,,
8.869,45582,,,
8.874,49461,,,
8.88,49272,,,
8.885,47279,,,
8.891,50443,,,
8.896,48147,,,
8.902,48843,,,
8.907,45670,,,
8.913,49828,,,
8.918,48753,,,
8.924,52519,,,
8.929,50925,,,
8.935,49584,,,
8.94,50680,,,
8.946,47686,,,
8.951,50754,,,
8.957,48087,,,
8.962,50018,,,
8.968,50583,,,
8.973,58032,,,
8.979,56650,,,
8.984,51520,,,
8.99,54439,,,
8.995,54804,,,
9.001,55244,,,
9.006,55245,,,
9.012,52667,,,
9.017,58406,,,
9.023,52306,,,
9.028,56242,,,
9.034,54818,,,
9.039,53732,,,
9.045,59195,,,
9.05,55804,,,
9.056,56199,,,
9.061,57931,,,
9.067,57187,,,
9.072,53175,,,
9.078,56843,,,
9.083,56960,,,
9.089,55008,,,
9.094,53365,,,
9.1,53798,,,
9.105,53096,,,
9.111,51429,,,
9.116,51621,,,
9.122,51222,,,
9.127,53077,,,
9.133,48651,,,
9.138,48384,,,
9.144,55265,,,
9.149,46864,,,
9.155,48273,,,
9.16,49630,,,
9.166,48057,,,
9.171,53482,,,
9.177,48036,,,
9.182,50643,,,
9.188,53687,,,
9.193,47187,,,
9.199,41611,,,
9.204,48757,,,
9.21,43546,,,
9.215,48069,,,
9.221,51726,,,
9.226,51057,,,
9.232,52088,,,
9.237,48251,,,
9.243,50079,,,
9.248,46839,,,
9.254,54206,,,
9.259,49983,,,
9.265,47236,,,
9.27,60650,,,
9.276,47345,,,
9.281,45390,,,
9.287,51780,,,
9.292,45367,,,
9.298,52563,,,
9.303,45616,,,
9.309,52485,,,
9.314,51152,,,
9.32,48845,,,
9.325,45844,,,
9.331,51954,,,
9.336,46736,,,
9.342,48656,,,
9.347,47490,,,
9.353,50590,,,
9.358,51938,,,
9.364,48237,,,
9.369,47594,,,
9.375,43946,,,
9.38,43243,,,
9.386,50021,,,
9.391,44623,,,
9.397,52949,,,
9.402,49694,,,
9.408,49171,,,
9.413,46922,,,
9.419,49944,,,
9.424,50379,,,
9.43,47873,,,
9.435,48320,,,
9.441,48112,,,
9.446,44506,,,
9.452,45169,,,
9.457,48698,,,
9.463,51720,,,
9.468,49677,,,
9.474,45076,,,
9.479,46164,,,
9.485,47521,,,
9.49,45634,,,
9.496,44177,,,
9.501,44537,,,
9.507,45216,,,
9.512,50857,,,
9.518,43814,,,
9.523,53583,,,
9.529,71198,,,
9.534,125060,,,
9.54,214773,,,
9.545,351824,,,
9.551,674596,,,
9.556,1024958,,,
9.562,1712015,,,
9.567,2826028,,,
9.573,4294995,,,
9.578,3709961,,,
9.584,922681,,,
9.589,258324,,,
9.595,146958,,,
9.6,113733,,,
9.606,105783,,,
9.611,107612,,,
9.617,108449,,,
9.622,117666,,,
9.628,114712,,,
9.633,98479,,,
9.639,84958,,,
9.644,80340,,,
9.65,76402,,,
9.655,67658,,,
9.661,72460,,,
9.666,68564,,,
9.672,62425,,,
9.677,68539,,,
9.683,61630,,,
9.688,59037,,,
9.694,62292,,,
9.699,51059,,,
9.705,66766,,,
9.71,63688,,,
9.716,66509,,,
9.721,61639,,,
9.727,61667,,,
9.732,61831,,,
9.738,52832,,,
9.743,62619,,,
9.749,52438,,,
9.754,55850,,,
9.76,63319,,,
9.765,61030,,,
9.771,54843,,,
9.777,57780,,,
9.782,61908,,,
9.787,64679,,,
9.793,54416,,,
9.799,55590,,,
9.804,56962,,,
9.809,55563,,,
9.815,57496,,,
9.821,58330,,,
9.826,60723,,,
9.832,58325,,,
9.837,63291,,,
9.843,56253,,,
9.848,58686,,,
9.854,60052,,,
9.859,54063,,,
9.865,58717,,,
9.87,55853,,,
9.876,58559,,,
9.881,61414,,,
9.887,54389,,,
9.892,56939,,,
9.898,57759,,,
9.903,57002,,,
9.909,59179,,,
9.914,66209,,,
9.92,64214,,,
9.925,78259,,,
9.931,107532,,,
9.936,113801,,,
9.942,143344,,,
9.947,170712,,,
9.953,174585,,,
9.958,184372,,,
9.964,198812,,,
9.969,220707,,,
9.975,201590,,,
9.98,188966,,,
9.986,178089,,,
9.991,178874,,,
9.997,162302,,,
10.002,155861,,,
10.008,173110,,,
10.013,160670,,,
10.019,161161,,,
10.024,147354,,,
10.03,154187,,,
10.035,158691,,,
10.041,152671,,,
10.046,137959,,,
10.052,139290,,,
10.057,132285,,,
10.063,137246,,,
10.068,125789,,,
10.074,122502,,,
10.079,108738,,,
10.085,115659,,,
10.09,100930,,,
10.096,92837,,,
10.101,90602,,,
10.107,83170,,,
10.112,73757,,,
10.118,71853,,,
10.123,70661,,,
10.129,72147,,,
10.134,69964,,,
10.14,70380,,,
10.145,63403,,,
10.151,62392,,,
10.156,63161,,,
10.162,60984,,,
10.167,61407,,,
10.173,61670,,,
10.178,60624,,,
10.184,61291,,,
10.189,60917,,,
10.195,62063,,,
10.2,60731,,,
10.206,55550,,,
10.211,58338,,,
10.217,53180,,,
10.222,60641,,,
10.228,54358,,,
10.233,63482,,,
10.239,59541,,,
10.244,58722,,,
10.25,61773,,,
10.255,58573,,,
10.261,58900,,,
10.266,50684,,,
10.272,61106,,,
10.277,55950,,,
10.283,58377,,,
10.288,59536,,,
10.294,57513,,,
10.299,61220,,,
10.305,56108,,,
10.31,57862,,,
10.316,59650,,,
10.321,63784,,,
10.327,57759,,,
10.332,55941,,,
10.338,58326,,,
10.343,58776,,,
10.349,56853,,,
10.354,63515,,,
10.36,62282,,,
10.365,59249,,,
10.371,63084,,,
10.376,67491,,,
10.382,61971,,,
10.387,63487,,,
10.393,64643,,,
10.398,60375,,,
10.404,64065,,,
10.409,70871,,,
10.415,62830,,,
10.42,59059,,,
10.426,60014,,,
10.431,56573,,,
10.437,63121,,,
10.442,63816,,,
10.448,63554,,,
10.453,61063,,,
10.459,64491,,,
10.464,62763,,,
10.47,60520,,,
10.475,66494,,,
10.481,65972,,,
10.486,65259,,,
10.492,66582,,,
10.497,61966,,,
10.503,67024,,,
10.508,62747,,,
10.514,66455,,,
10.519,64177,,,
10.525,68550,,,
10.53,62611,,,
10.536,64534,,,
10.541,60594,,,
10.547,67598,,,
10.552,69261,,,
10.558,69472,,,
10.563,65866,,,
10.569,68041,,,
10.574,71704,,,
10.58,67635,,,
10.585,83088,,,
10.591,66432,,,
10.596,69942,,,
10.602,72026,,,
10.607,71856,,,
10.613,64894,,,
10.618,66881,,,
10.624,65449,,,
10.629,71775,,,
10.635,68158,,,
10.64,70689,,,
10.646,72247,,,
10.651,66328,,,
10.657,68638,,,
10.662,70681,,,
10.668,67392,,,
10.673,74769,,,
10.679,67759,,,
10.684,67423,,,
10.69,74610,,,
10.695,64876,,,
10.701,73163,,,
10.706,72965,,,
10.712,61827,,,
10.717,72016,,,
10.723,70213,,,
10.728,74337,,,
10.734,68504,,,
10.739,69801,,,
10.745,71274,,,
10.75,67230,,,
10.756,73691,,,
10.761,75349,,,
10.767,72330,,,
10.772,75561,,,
10.778,70617,,,
10.783,67845,,,
10.789,68490,,,
10.794,73622,,,
10.8,68987,,,
10.805,69742,,,
10.811,70907,,,
10.816,74289,,,
10.822,67929,,,
10.827,67838,,,
10.833,71787,,,
10.838,75575,,,
10.844,72698,,,
10.849,73150,,,
10.855,74154,,,
10.86,72764,,,
10.866,75159,,,
10.871,74963,,,
10.877,73227,,,
10.882,78154,,,
10.888,76263,,,
10.893,78111,,,
10.899,77008,,,
10.904,78446,,,
10.91,76833,,,
10.915,77715,,,
10.921,75008,,,
10.926,67666,,,
10.932,71786,,,
10.937,69791,,,
10.943,72507,,,
10.948,76879,,,
10.954,79990,,,
10.959,68463,,,
10.965,69920,,,
10.97,72500,,,
10.976,74478,,,
10.981,64385,,,
10.987,70778,,,
10.992,71618,,,
10.998,81745,,,
11.003,74848,,,
11.009,67060,,,
11.014,74846,,,
11.02,73571,,,
11.025,84289,,,
11.031,79194,,,
11.036,79249,,,
11.042,71103,,,
11.047,72242,,,
11.053,66872,,,
11.058,77602,,,
11.064,74722,,,
11.069,81370,,,
11.075,78870,,,
11.081,69838,,,
11.086,81236,,,
11.092,82054,,,
11.097,75532,,,
11.103,77268,,,
11.108,75207,,,
11.114,81662,,,
11.119,85284,,,
11.125,78865,,,
11.13,81435,,,
11.136,81189,,,
11.141,77532,,,
11.147,84384,,,
11.152,81199,,,
11.158,81661,,,
11.163,73577,,,
11.169,74132,,,
11.174,79729,,,
11.18,76953,,,
11.185,77257,,,
11.191,81479,,,
11.196,72697,,,
11.202,76973,,,
11.207,75150,,,
11.213,85045,,,
11.218,76916,,,
11.224,75015,,,
11.229,80386,,,
11.235,76851,,,
11.24,83188,,,
11.246,73558,,,
11.251,90566,,,
11.257,81410,,,
11.262,84093,,,
11.268,73126,,,
11.273,71805,,,
11.279,75216,,,
11.284,74578,,,
11.29,81009,,,
11.295,72871,,,
11.301,70489,,,
11.306,72910,,,
11.312,70236,,,
11.317,76741,,,
11.323,76896,,,
11.328,69963,,,
11.334,75506,,,
11.339,72490,,,
11.345,72728,,,
11.35,71264,,,
11.356,76853,,,
11.361,66725,,,
11.367,72976,,,
11.372,77624,,,
11.378,72279,,,
11.383,76484,,,
11.389,67667,,,
11.394,73197,,,
11.4,77248,,,
11.405,77610,,,
11.411,78897,,,
11.416,74862,,,
11.422,83449,,,
11.427,77000,,,
11.433,79107,,,
11.438,85098,,,
11.444,86049,,,
11.449,78741,,,
11.455,79367,,,
11.46,84010,,,
11.466,74177,,,
11.471,78020,,,
11.477,83003,,,
11.482,74324,,,
11.488,79076,,,
11.493,75482,,,
11.499,77851,,,
11.504,81521,,,
11.51,82259,,,
11.515,75957,,,
11.521,78438,,,
11.526,79471,,,
11.532,79297,,,
11.537,73783,,,
11.543,83585,,,
11.548,80042,,,
11.554,81952,,,
11.559,79257,,,
11.565,82757,,,
11.57,76002,,,
11.576,81753,,,
11.581,77640,,,
11.587,75884,,,
11.592,83427,,,
11.598,82401,,,
11.603,77803,,,
11.609,85712,,,
11.614,73122,,,
11.62,84836,,,
11.625,84913,,,
11.631,74724,,,
11.636,78239,,,
11.642,86853,,,
11.647,88179,,,
11.653,73189,,,
11.658,73429,,,
11.664,87168,,,
11.669,79137,,,
11.675,75605,,,
11.68,80026,,,
11.686,81405,,,
11.691,77842,,,
11.697,81900,,,
11.702,80042,,,
11.708,77524,,,
11.713,76453,,,
11.719,86466,,,
11.724,75566,,,
11.73,81226,,,
11.735,80306,,,
11.741,86112,,,
11.746,76940,,,
11.752,79983,,,
11.757,80740,,,
11.763,76794,,,
11.768,83031,,,
11.774,81131,,,
11.779,83797,,,
11.785,82936,,,
11.79,83018,,,
11.796,85115,,,
11.801,83881,,,
11.807,79956,,,
11.812,85025,,,
11.818,85244,,,
11.823,87513,,,
11.829,81527,,,
11.834,81342,,,
11.84,76197,,,
11.845,89488,,,
11.851,78857,,,
11.856,79584,,,
11.862,77625,,,
11.867,85157,,,
11.873,74256,,,
11.878,81159,,,
11.884,82070,,,
11.889,89650,,,
11.895,95606,,,
11.9,130345,,,
11.906,198277,,,
11.911,335205,,,
11.917,569608,,,
11.922,922794,,,
11.928,1293516,,,
11.933,1612791,,,
11.939,1870974,,,
11.944,1485868,,,
11.95,769814,,,
11.955,445600,,,
11.961,260581,,,
11.966,172201,,,
11.972,139413,,,
11.977,128025,,,
11.983,121014,,,
11.988,117502,,,
11.994,111379,,,
11.999,110240,,,
12.005,109488,,,
12.01,107329,,,
12.016,100747,,,
12.021,91316,,,
12.027,90932,,,
12.032,90264,,,
12.038,82618,,,
12.043,96645,,,
12.049,85596,,,
12.054,89429,,,
12.06,81347,,,
12.065,81743,,,
12.071,85304,,,
12.076,82554,,,
12.082,90989,,,
12.087,87398,,,
12.093,86815,,,
12.098,80521,,,
12.104,79384,,,
12.109,84582,,,
12.115,90545,,,
12.12,88817,,,
12.126,91405,,,
12.131,95916,,,
12.137,88135,,,
12.142,85846,,,
12.148,84806,,,
12.153,81426,,,
12.159,86217,,,
12.164,87882,,,
12.17,85910,,,
12.175,81963,,,
12.181,85906,,,
12.186,89797,,,
12.192,96313,,,
12.197,91887,,,
12.203,96742,,,
12.208,99957,,,
12.214,95207,,,
12.219,97485,,,
12.225,94019,,,
12.23,89451,,,
12.236,85233,,,
12.241,87317,,,
12.247,83645,,,
12.252,78779,,,
12.258,92361,,,
12.263,86233,,,
12.269,93980,,,
12.274,93685,,,
12.28,88505,,,
12.285,83753,,,
12.291,83018,,,
12.296,82533,,,
12.302,82188,,,
12.307,84650,,,
12.313,86131,,,
12.318,84585,,,
12.324,85847,,,
12.329,84710,,,
12.335,80355,,,
12.34,85805,,,
12.346,88276,,,
12.351,87861,,,
12.357,91312,,,
12.363,84302,,,
12.368,87296,,,
12.374,83598,,,
12.379,87992,,,
12.385,78718,,,
12.39,86746,,,
12.396,86908,,,
12.401,86952,,,
12.407,89865,,,
12.412,86945,,,
12.418,88856,,,
12.423,84498,,,
12.429,82430,,,
12.434,86052,,,
12.44,86692,,,
12.445,76908,,,
12.451,84876,,,
12.456,83152,,,
12.462,78771,,,
12.467,79016,,,
12.473,83024,,,
12.478,85427,,,
12.484,82976,,,
12.489,87423,,,
12.495,80400,,,
12.5,85094,,,
12.506,82488,,,
12.511,84560,,,
12.517,82989,,,
12.522,81470,,,
12.528,87041,,,
12.533,71495,,,
12.539,77957,,,
12.544,84928,,,
12.55,78252,,,
12.555,75932,,,
12.561,84988,,,
12.566,84839,,,
12.572,78768,,,
12.577,85888,,,
12.583,78029,,,
12.588,78694,,,
12.594,78049,,,
12.599,77363,,,
12.605,74573,,,
12.61,74007,,,
12.616,81556,,,
12.621,75967,,,
12.627,74161,,,
12.632,78064,,,
12.638,79350,,,
12.643,79596,,,
12.649,77118,,,
12.654,68119,,,
12.66,74980,,,
12.665,80249,,,
12.671,76669,,,
12.676,75038,,,
12.682,74001,,,
12.687,73122,,,
12.693,78447,,,
12.698,76479,,,
12.704,77644,,,
12.709,71907,,,
12.715,66778,,,
12.72,74513,,,
12.726,71794,,,
12.731,72093,,,
12.737,74686,,,
12.742,70862,,,
12.748,73653,,,
12.753,77813,,,
12.759,76001,,,
12.764,71752,,,
12.77,78509,,,
12.775,79044,,,
12.781,73525,,,
12.786,82280,,,
12.792,76360,,,
12.797,70508,,,
12.803,71302,,,
12.808,67825,,,
12.814,62634,,,
12.819,57896,,,
12.825,57793,,,
12.83,61181,,,
12.836,57760,,,
12.841,58963,,,
12.847,70078,,,
12.852,65320,,,
12.858,65074,,,
12.863,61219,,,
12.869,59047,,,
12.874,62358,,,
12.88,67446,,,
12.885,62025,,,
12.891,63970,,,
12.896,68637,,,
12.902,66839,,,
12.907,62263,,,
12.913,61272,,,
12.918,63974,,,
12.924,64263,,,
12.929,65413,,,
12.935,70636,,,
12.94,67879,,,
12.946,67167,,,
12.951,71854,,,
12.957,65790,,,
12.962,72725,,,
12.968,68438,,,
12.973,76139,,,
12.979,75919,,,
12.984,69747,,,
12.99,71213,,,
12.995,67518,,,
13.001,74223,,,
13.006,79425,,,
13.012,73589,,,
13.017,67452,,,
13.023,69851,,,
13.028,71267,,,
13.034,64334,,,
13.039,75687,,,
13.045,71995,,,
13.05,75635,,,
13.056,80091,,,
13.061,86290,,,
13.067,78353,,,
13.072,83348,,,
13.078,94474,,,
13.083,108521,,,
13.089,155807,,,
13.094,270800,,,
13.1,453763,,,
13.105,862976,,,
13.111,1416502,,,
13.116,1690821,,,
13.122,1542244,,,
13.127,907146,,,
13.133,518742,,,
13.138,314012,,,
13.144,252487,,,
13.149,198260,,,
13.155,163114,,,
13.16,158682,,,
13.166,137688,,,
13.171,135061,,,
13.177,118529,,,
13.182,110577,,,
13.188,106740,,,
13.193,93748,,,
13.199,86020,,,
13.204,85012,,,
13.21,87099,,,
13.215,82150,,,
13.221,76899,,,
13.226,81295,,,
13.232,85142,,,
13.237,85314,,,
13.243,80775,,,
13.248,90752,,,
13.254,84189,,,
13.259,82622,,,
13.265,85465,,,
13.27,77376,,,
13.276,76000,,,
13.281,71197,,,
13.287,73564,,,
13.292,76150,,,
13.298,68953,,,
13.303,73246,,,
13.309,74410,,,
13.314,63054,,,
13.32,74350,,,
13.325,66188,,,
13.331,75674,,,
13.336,75326,,,
13.342,76382,,,
13.347,72972,,,
13.353,71966,,,
13.358,70327,,,
13.364,70355,,,
13.369,67908,,,
13.375,69168,,,
13.38,67885,,,
13.386,70466,,,
13.391,58828,,,
13.397,64425,,,
