Time (s),Heat Flow (mJ/s)
0,14.711936
1.00002,14.705809
1.99998,14.69944
3,14.692979
4.00002,14.686477
4.99998,14.679905
6,14.673351
7.00002,14.666815
7.99998,14.660336
9,14.653854
10.00002,14.647412
10.99998,14.640989
12,14.634677
13.00002,14.628329
13.99998,14.621999
15,14.615613
16.00002,14.60921
16.99998,14.60284
18,14.596399
19.00002,14.589977
19.99998,14.583555
21,14.577115
22.00002,14.570656
22.99998,14.564216
24,14.557721
25.00002,14.551207
25.99998,14.544764
27,14.538288
28.00002,14.531867
28.99998,14.525391
30,14.518933
31.00002,14.512532
31.99998,14.506186
33,14.499841
34.00002,14.493458
34.99998,14.487039
36,14.480601
37.00002,14.474085
37.99998,14.467592
39,14.461006
40.00002,14.454568
40.99998,14.448298
42,14.442066
43.00002,14.435889
43.99998,14.429805
45,14.42387
46.00002,14.417991
46.99998,14.412256
48,14.406526
49.00002,14.400722
49.99998,14.394806
51,14.388612
52.00002,14.382381
52.99998,14.37628
54,14.370346
55.00002,14.36445
55.99998,14.358493
57,14.352411
58.00002,14.34618
58.99998,14.339802
60,14.333349
60.19998,14.326971
60.40002,14.320945
60.6,14.31562
60.79998,14.310598
61.00002,14.305854
61.2,14.300684
61.39998,14.295643
61.60002,14.290621
61.8,14.285557
61.99998,14.280369
62.20002,14.27518
62.4,14.270047
62.59998,14.265119
62.80002,14.260246
63,14.255331
63.19998,14.250329
63.40002,14.245159
63.6,14.239916
63.79998,14.23471
64.00002,14.229665
64.2,14.224608
64.39998,14.219903
64.60002,14.215923
64.8,14.212462
64.99998,14.208662
65.20002,14.204348
65.4,14.199551
65.59998,14.194903
65.80002,14.190657
66,14.18651
66.19998,14.182271
66.40002,14.178124
66.6,14.174028
66.79998,14.170104
67.00002,14.166366
67.2,14.162536
67.39998,14.158532
67.60002,14.154609
67.8,14.150537
67.99998,14.146478
68.20002,14.142536
68.4,14.138613
68.59998,14.134833
68.80002,14.131133
69,14.127433
69.19998,14.123783
69.40002,14.12012
69.6,14.116513
69.79998,14.113141
70.00002,14.109924
70.2,14.106652
70.39998,14.102965
70.60002,14.099618
70.8,14.096643
70.99998,14.093773
71.20002,14.091224
71.4,14.088769
71.59998,14.086307
71.80002,14.083759
72,14.081248
72.19998,14.078731
72.40002,14.076257
72.6,14.073795
72.79998,14.071359
73.00002,14.068941
73.2,14.066573
73.39998,14.064099
73.60002,14.061626
73.8,14.059239
73.99998,14.056858
74.20002,14.054552
74.4,14.052258
74.59998,14.049859
74.80002,14.047509
75,14.045148
75.19998,14.042897
75.40002,14.040733
75.6,14.038687
75.79998,14.036957
76.00002,14.035294
76.2,14.033693
76.39998,14.032074
76.60002,14.030541
76.8,14.029052
76.99998,14.027452
77.20002,14.025882
77.4,14.024356
77.59998,14.02286
77.80002,14.021371
78,14.019901
78.19998,14.018479
78.40002,14.017027
78.6,14.015557
78.79998,14.014117
79.00002,14.012703
79.2,14.011288
79.39998,14.009904
79.60002,14.008527
79.8,14.007187
79.99998,14.005802
80.20002,14.004444
80.4,14.003085
80.59998,14.001794
80.80002,14.000473
81,13.999126
81.19998,13.997823
81.40002,13.996539
81.6,13.995192
81.79998,13.993852
82.00002,13.992568
82.2,13.991277
82.39998,13.990104
82.60002,13.988838
82.8,13.987955
82.99998,13.987358
83.20002,13.986816
83.4,13.986248
83.59998,13.985725
83.80002,13.98525
84,13.984801
84.19998,13.984259
84.40002,13.983654
84.6,13.983038
84.79998,13.982515
85.00002,13.982003
85.2,13.981443
85.39998,13.980845
85.60002,13.980241
85.8,13.979662
85.99998,13.97912
86.20002,13.978571
86.4,13.978048
86.59998,13.977525
86.80002,13.977069
87,13.97662
87.19998,13.976171
87.40002,13.975752
87.6,13.975377
87.79998,13.97494
88.00002,13.974454
88.2,13.973875
88.39998,13.973363
88.60002,13.972896
88.8,13.972503
88.99998,13.972214
89.20002,13.971987
89.4,13.971761
89.59998,13.971546
89.80002,13.971264
90,13.97102
90.19998,13.970842
90.40002,13.970708
90.6,13.970705
90.79998,13.970638
91.00002,13.97056
91.2,13.970594
91.39998,13.970712
91.60002,13.97082
91.8,13.970965
91.99998,13.971046
92.20002,13.971117
92.4,13.971199
92.59998,13.971269
92.80002,13.971414
93,13.971689
93.19998,13.971993
93.40002,13.972193
93.6,13.972375
93.79998,13.97266
94.00002,13.972898
94.2,13.973091
94.39998,13.973291
94.60002,13.973473
94.8,13.973703
94.99998,13.973885
95.20002,13.974104
95.4,13.974297
95.59998,13.974497
95.80002,13.974753
96,13.975065
96.19998,13.975332
96.40002,13.975588
96.6,13.975855
96.79998,13.976111
97.00002,13.976404
97.2,13.976726
97.39998,13.977038
97.60002,13.977424
97.8,13.977802
97.99998,13.978206
98.20002,13.978573
98.4,13.978951
98.59998,13.979281
98.80002,13.979649
99,13.980045
99.19998,13.980468
99.40002,13.980909
99.6,13.981362
99.79998,13.981766
100.00002,13.982189
100.2,13.98266
100.39998,13.983119
100.60002,13.983616
100.8,13.98418
100.99998,13.984788
101.20002,13.985359
101.4,13.985959
101.59998,13.986567
101.80002,13.987175
102,13.987757
102.19998,13.98831
102.40002,13.988899
102.6,13.9895
102.79998,13.990145
103.00002,13.99079
103.2,13.991427
103.39998,13.992054
103.60002,13.992717
103.8,13.993392
103.99998,13.994092
104.20002,13.994793
104.4,13.995505
104.59998,13.996224
104.80002,13.996961
105,13.997691
105.19998,13.99841
105.40002,13.999148
105.6,13.999915
105.79998,14.000653
106.00002,14.001409
106.2,14.002176
106.39998,14.002932
106.60002,14.003706
106.8,14.00451
106.99998,14.005341
107.20002,14.006152
107.4,14.007012
107.59998,14.007879
107.80002,14.008746
108,14.009643
108.19998,14.010473
108.40002,14.011303
108.6,14.012125
108.79998,14.012992
109.00002,14.013915
109.2,14.014867
109.39998,14.015808
109.60002,14.016749
109.8,14.017664
109.99998,14.018587
110.20002,14.019454
110.4,14.020376
110.59998,14.021329
110.80002,14.022307
111,14.023277
111.19998,14.024237
111.40002,14.025233
111.6,14.026241
111.79998,14.027274
112.00002,14.028289
112.2,14.029304
112.39998,14.030367
112.60002,14.031382
112.8,14.032416
112.99998,14.03346
113.20002,14.034512
113.4,14.035557
113.59998,14.036664
113.80002,14.03779
114,14.038983
114.19998,14.040127
114.40002,14.041309
114.6,14.042483
114.79998,14.043683
115.00002,14.044846
115.2,14.046046
115.39998,14.047294
115.60002,14.048549
115.8,14.049742
115.99998,14.050905
116.20002,14.05203
116.4,14.053204
116.59998,14.054367
116.80002,14.05553
117,14.056692
117.19998,14.057885
117.40002,14.059103
117.6,14.06037
117.79998,14.061643
118.00002,14.062898
118.2,14.064183
118.39998,14.065476
118.60002,14.066749
118.8,14.06806
118.99998,14.0694
119.20002,14.070729
119.4,14.07204
119.59998,14.07338
119.80002,14.074672
120,14.075964
120.19998,14.077286
120.40002,14.078615
120.6,14.079981
120.79998,14.081395
121.00002,14.082872
121.2,14.084312
121.39998,14.085634
121.60002,14.086889
121.8,14.088125
121.99998,14.089354
122.20002,14.090609
122.4,14.091993
122.59998,14.093333
122.80002,14.094625
123,14.09599
123.19998,14.097497
123.40002,14.098937
123.6,14.100302
123.79998,14.101587
124.00002,14.102786
124.2,14.103948
124.39998,14.105269
124.60002,14.106709
124.8,14.108722
124.99998,14.110691
125.20002,14.112538
125.4,14.114403
125.59998,14.11628
125.80002,14.118015
126,14.119843
126.19998,14.121628
126.40002,14.123345
126.6,14.125172
126.79998,14.126364
127.00002,14.127155
127.2,14.128317
127.39998,14.129879
127.60002,14.131447
127.8,14.132942
127.99998,14.134596
128.20002,14.136331
128.4,14.1379
128.59998,14.139425
128.80002,14.140919
129,14.142432
129.19998,14.144049
129.40002,14.145877
129.6,14.147667
129.79998,14.149451
130.00002,14.15126
130.2,14.153106
130.39998,14.154852
130.60002,14.156569
130.8,14.158285
130.99998,14.160068
131.20002,14.161822
131.4,14.163501
131.59998,14.165155
131.80002,14.166778
132,14.16842
132.19998,14.170148
132.40002,14.171883
132.6,14.173599
132.79998,14.175345
133.00002,14.177098
133.2,14.178832
133.39998,14.180578
133.60002,14.182368
133.8,14.184121
133.99998,14.185941
134.20002,14.187731
134.4,14.189502
134.59998,14.191322
134.80002,14.193075
135,14.194772
135.19998,14.196573
135.40002,14.198419
135.6,14.200319
135.79998,14.202232
136.00002,14.204187
136.2,14.206088
136.39998,14.208
136.60002,14.209919
136.8,14.211819
136.99998,14.213732
137.20002,14.215651
137.4,14.217551
137.59998,14.2195
137.80002,14.221419
138,14.223337
138.19998,14.225212
138.40002,14.227131
138.6,14.229031
138.79998,14.230962
139.00002,14.232898
139.2,14.234835
139.39998,14.236784
139.60002,14.238721
139.8,14.240658
139.99998,14.242681
140.20002,14.244673
140.4,14.246665
140.59998,14.24867
140.80002,14.250625
141,14.252598
141.19998,14.254584
141.40002,14.256576
141.6,14.258568
141.79998,14.260591
142.00002,14.262583
142.2,14.264642
142.39998,14.266671
142.60002,14.268718
142.8,14.270747
142.99998,14.272788
143.20002,14.274835
143.4,14.276919
143.59998,14.279034
143.80002,14.281118
144,14.283221
144.19998,14.285336
144.40002,14.287401
144.6,14.289485
144.79998,14.291581
145.00002,14.293628
145.2,14.295693
145.39998,14.297789
145.60002,14.299873
145.8,14.301975
145.99998,14.304071
146.20002,14.306192
146.4,14.308275
146.59998,14.31039
146.80002,14.312529
147,14.314612
147.19998,14.316745
147.40002,14.318866
147.6,14.320986
147.79998,14.323063
148.00002,14.325183
148.2,14.327304
148.39998,14.329436
148.60002,14.331612
148.8,14.333769
148.99998,14.335938
149.20002,14.338114
149.4,14.340308
149.59998,14.342533
149.80002,14.344727
150,14.346939
150.19998,14.349164
150.40002,14.351376
150.6,14.353607
150.79998,14.355832
151.00002,14.358081
151.2,14.360385
151.39998,14.362665
151.60002,14.364914
151.8,14.367145
151.99998,14.369406
152.20002,14.371711
152.4,14.373996
152.59998,14.376313
152.80002,14.378636
153,14.380866
153.19998,14.383127
153.40002,14.385395
153.6,14.387717
153.79998,14.389997
154.00002,14.392282
154.2,14.394586
154.39998,14.396903
154.60002,14.399207
154.8,14.401547
154.99998,14.403901
155.20002,14.406334
155.4,14.408748
155.59998,14.411157
155.80002,14.41359
156,14.416005
156.19998,14.418432
156.40002,14.420902
156.6,14.423316
156.79998,14.425743
157.00002,14.428139
157.2,14.430572
157.39998,14.43298
157.60002,14.435413
157.8,14.437827
157.99998,14.440272
158.20002,14.442668
158.4,14.4451
158.59998,14.447601
158.80002,14.450089
159,14.452613
159.19998,14.455114
159.40002,14.457602
159.6,14.460071
159.79998,14.462534
160.00002,14.465022
160.2,14.467509
160.39998,14.47001
160.60002,14.472516
160.8,14.475021
160.99998,14.477559
161.20002,14.48012
161.4,14.482644
161.59998,14.485181
161.80002,14.487724
162,14.490266
162.19998,14.492822
162.40002,14.495401
162.6,14.497999
162.79998,14.500591
163.00002,14.503171
163.2,14.505731
163.39998,14.508324
163.60002,14.510903
163.8,14.5135
163.99998,14.516092
164.20002,14.518671
164.4,14.521232
164.59998,14.523824
164.80002,14.52644
165,14.529074
165.19998,14.531703
165.40002,14.534318
165.6,14.536971
165.79998,14.539618
166.00002,14.542271
166.2,14.544923
166.39998,14.547607
166.60002,14.550315
166.8,14.553022
166.99998,14.555688
167.20002,14.558377
167.4,14.561048
167.59998,14.563769
167.80002,14.566476
168,14.569202
168.19998,14.57196
168.40002,14.574685
168.6,14.577466
168.79998,14.580261
169.00002,14.583042
169.2,14.585823
169.39998,14.588692
169.60002,14.591509
169.8,14.594327
169.99998,14.597158
170.20002,14.600013
170.4,14.602886
170.59998,14.605736
170.80002,14.60859
171,14.611426
171.19998,14.614331
171.40002,14.617222
171.6,14.620095
171.79998,14.623
172.00002,14.625891
172.2,14.628782
172.39998,14.631724
172.60002,14.634596
172.8,14.637505
172.99998,14.640392
173.20002,14.643282
173.4,14.646173
173.59998,14.649059
173.80002,14.651968
174,14.654859
174.19998,14.657745
174.40002,14.660635
174.6,14.663507
174.79998,14.666411
175.00002,14.669339
175.2,14.67221
175.39998,14.675133
175.60002,14.678079
175.8,14.681024
175.99998,14.684002
176.20002,14.686966
176.4,14.689967
176.59998,14.692963
176.80002,14.695927
177,14.698872
177.19998,14.701776
177.40002,14.704647
177.6,14.707518
177.79998,14.710385
178.00002,14.713311
178.2,14.716237
178.39998,14.719215
178.60002,14.722086
178.8,14.725067
178.99998,14.728433
179.20002,14.731746
179.4,14.735282
179.59998,14.738739
179.80002,14.741887
180,14.744997
180.19998,14.748159
180.40002,14.751251
180.6,14.75438
180.79998,14.757523
181.00002,14.760726
181.2,14.763891
181.39998,14.767034
181.60002,14.770126
181.8,14.773287
181.99998,14.776434
182.20002,14.779618
182.4,14.782802
182.59998,14.786074
182.80002,14.789294
183,14.792552
183.19998,14.795805
183.40002,14.79897
183.6,14.802187
183.79998,14.805333
184.00002,14.808535
184.2,14.81181
184.39998,14.815174
184.60002,14.818597
184.8,14.822057
184.99998,14.82555
185.20002,14.829047
185.4,14.832599
185.59998,14.836166
185.80002,14.839662
186,14.843085
186.19998,14.846504
186.40002,14.84989
186.6,14.853257
186.79998,14.856657
187.00002,14.860061
187.2,14.863483
187.39998,14.86692
187.60002,14.870398
187.8,14.873875
187.99998,14.877423
188.20002,14.880974
188.4,14.884507
188.59998,14.888073
188.80002,14.891587
189,14.895138
189.19998,14.898685
189.40002,14.902255
189.6,14.905842
189.79998,14.909427
190.00002,14.913014
190.2,14.916598
190.39998,14.920259
190.60002,14.923957
190.8,14.9276
190.99998,14.931221
191.20002,14.9349
191.4,14.938617
191.59998,14.942385
191.80002,14.946101
192,14.949762
192.19998,14.953438
192.40002,14.957172
192.6,14.960959
192.79998,14.964767
193.00002,14.968575
193.2,14.972383
193.39998,14.976188
193.60002,14.980032
193.8,14.983858
193.99998,14.987774
194.20002,14.991674
194.4,14.995592
194.59998,14.99947
194.80002,15.003333
195,15.007196
195.19998,15.011129
195.40002,15.015066
195.6,15.01902
195.79998,15.022972
196.00002,15.026908
196.2,15.030789
196.39998,15.034704
196.60002,15.038584
196.8,15.04252
196.99998,15.046527
197.20002,15.050574
197.4,15.054638
197.59998,15.058737
197.80002,15.062802
198,15.066885
198.19998,15.07091
198.40002,15.074901
198.6,15.078891
198.79998,15.082879
199.00002,15.086943
199.2,15.091081
199.39998,15.095291
199.60002,15.099484
199.8,15.103714
199.99998,15.107978
200.20002,15.112282
200.4,15.116604
200.59998,15.12096
200.80002,15.125282
201,15.129604
201.19998,15.13396
201.40002,15.138245
201.6,15.142548
201.79998,15.146941
202.00002,15.151336
202.2,15.155713
202.39998,15.160142
202.60002,15.164593
202.8,15.16908
202.99998,15.173546
203.20002,15.177996
203.4,15.182465
203.59998,15.186986
203.80002,15.19151
204,15.196089
204.19998,15.200739
204.40002,15.205299
204.6,15.209878
204.79998,15.214473
205.00002,15.218996
205.2,15.223556
205.39998,15.228151
205.60002,15.232674
205.8,15.237215
205.99998,15.241754
206.20002,15.246111
206.4,15.250357
206.59998,15.254619
206.80002,15.259178
207,15.264199
207.19998,15.26918
207.40002,15.274588
207.6,15.280106
207.79998,15.285733
208.00002,15.290937
208.2,15.295957
208.39998,15.301104
208.60002,15.306179
208.8,15.311235
208.99998,15.316216
209.20002,15.321364
209.4,15.326642
209.59998,15.332028
209.80002,15.337342
210,15.342675
210.19998,15.348006
210.40002,15.353338
210.6,15.358725
210.79998,15.364148
211.00002,15.369499
211.2,15.374849
211.39998,15.380253
211.60002,15.385659
211.8,15.391046
211.99998,15.396505
212.20002,15.401873
212.4,15.40726
212.59998,15.412682
212.80002,15.418069
213,15.4234
213.19998,15.428803
213.40002,15.434152
213.6,15.43952
213.79998,15.444923
214.00002,15.450272
214.2,15.45564
214.39998,15.461006
214.60002,15.466355
214.8,15.471722
214.99998,15.477143
215.20002,15.482528
215.4,15.48795
215.59998,15.493372
215.80002,15.498738
216,15.504141
216.19998,15.509562
216.40002,15.514966
216.6,15.52035
216.79998,15.525734
217.00002,15.531137
217.2,15.536521
217.39998,15.541923
217.60002,15.547289
217.8,15.552636
217.99998,15.557983
218.20002,15.563293
218.4,15.568621
218.59998,15.573949
218.80002,15.579333
219,15.584716
219.19998,15.590099
219.40002,15.595427
219.6,15.600736
219.79998,15.606064
220.00002,15.611373
220.2,15.616737
220.39998,15.622157
220.60002,15.627558
220.8,15.632922
220.99998,15.637973
221.20002,15.643042
221.4,15.648055
221.59998,15.652922
221.80002,15.65764
222,15.662451
222.19998,15.667225
222.40002,15.672109
222.6,15.677011
222.79998,15.681969
223.00002,15.686816
223.2,15.691626
223.39998,15.696381
223.60002,15.701099
223.8,15.70578
223.99998,15.710498
224.20002,15.715215
224.4,15.719914
224.59998,15.724577
224.80002,15.72922
225,15.733845
225.19998,15.738452
225.40002,15.742966
225.6,15.747536
225.79998,15.752124
226.00002,15.756638
226.2,15.761134
226.39998,15.765611
226.60002,15.769996
226.8,15.774381
226.99998,15.778748
227.20002,15.783059
227.4,15.787443
227.59998,15.791902
227.80002,15.796305
228,15.800615
228.19998,15.804945
228.40002,15.809237
228.6,15.813492
228.79998,15.817785
229.00002,15.822058
229.2,15.826295
229.39998,15.830587
229.60002,15.834842
229.8,15.83906
229.99998,15.843352
230.20002,15.847662
230.4,15.851935
230.59998,15.856171
230.80002,15.860205
231,15.864182
231.19998,15.868309
231.40002,15.872305
231.6,15.876209
231.79998,15.880021
232.00002,15.883796
232.2,15.887608
232.39998,15.891494
232.60002,15.895361
232.8,15.899191
232.99998,15.903022
233.20002,15.906814
233.4,15.910662
233.59998,15.914604
233.80002,15.918452
234,15.922355
234.19998,15.926259
234.40002,15.930144
234.6,15.933973
234.79998,15.937877
235.00002,15.941761
235.2,15.945664
235.39998,15.949623
235.60002,15.953544
235.8,15.957521
235.99998,15.961498
236.20002,15.965474
236.4,15.969487
236.59998,15.973557
236.80002,15.977606
237,15.9816
237.19998,15.985633
237.40002,15.989609
237.6,15.993676
237.79998,15.997746
238.00002,16.001832
238.2,16.005954
238.39998,16.010115
238.60002,16.014257
238.8,16.018379
238.99998,16.022522
239.20002,16.026699
239.4,16.030932
239.59998,16.035406
239.80002,16.039915
240,16.044424
240.19998,16.049174
240.40002,16.053812
240.6,16.058505
240.79998,16.063162
241.00002,16.075366
241.2,16.067579
241.39998,16.059774
241.60002,16.051657
241.8,16.043355
241.99998,16.035035
242.20002,16.026588
242.4,16.018084
242.59998,16.009525
242.80002,16.001114
243,15.992795
243.19998,15.984402
243.40002,15.976011
243.6,15.967729
243.79998,15.959465
244.00002,15.951166
244.2,15.942921
244.39998,15.934621
244.60002,15.926378
244.8,15.918391
244.99998,15.910735
245.20002,15.903302
245.4,15.895775
245.59998,15.888341
245.80002,15.880632
246,15.872774
246.19998,15.865065
246.40002,15.857503
246.6,15.849812
246.79998,15.841992
247.00002,15.834044
247.2,15.825728
247.39998,15.81675
247.60002,15.808121
247.8,15.799382
247.99998,15.790773
248.20002,15.782347
248.4,15.774087
248.59998,15.765901
248.80002,15.757476
249,15.749124
249.19998,15.740718
249.40002,15.732403
249.6,15.724015
249.79998,15.715701
250.00002,15.707552
250.2,15.699441
250.39998,15.691293
250.60002,15.68331
250.8,15.675402
250.99998,15.667548
251.20002,15.659695
251.4,15.65175
251.59998,15.643768
251.80002,15.635787
252,15.628025
252.19998,15.620412
252.40002,15.612945
252.6,15.605314
252.79998,15.59829
253.00002,15.590529
253.2,15.582751
253.39998,15.575102
253.60002,15.56747
253.8,15.559858
253.99998,15.552227
254.20002,15.544559
254.4,15.5368
254.59998,15.529005
254.80002,15.5213
255,15.513781
255.19998,15.506225
255.40002,15.498778
255.6,15.491333
255.79998,15.483961
256.00002,15.476754
256.2,15.469364
256.39998,15.462177
256.60002,15.455227
256.8,15.448904
256.99998,15.442968
257.20002,15.436846
257.4,15.430615
257.59998,15.424367
257.80002,15.41808
258,15.411684
258.19998,15.405546
258.40002,15.399647
258.6,15.393967
258.79998,15.3884
259.00002,15.382849
259.2,15.377263
259.39998,15.371732
259.60002,15.366163
259.8,15.360577
259.99998,15.354992
260.20002,15.349441
260.4,15.343856
260.59998,15.338253
260.80002,15.332702
261,15.327136
261.19998,15.321625
261.40002,15.316295
261.6,15.310858
261.79998,15.305402
262.00002,15.299926
262.2,15.294341
262.39998,15.288721
262.60002,15.283189
262.8,15.277569
262.99998,15.272003
263.20002,15.266509
263.4,15.260907
263.59998,15.255507
263.80002,15.250326
264,15.246029
264.19998,15.241788
264.40002,15.237397
264.6,15.233101
264.79998,15.228511
265.00002,15.223811
265.2,15.219126
265.39998,15.214444
265.60002,15.209833
265.8,15.205151
265.99998,15.200433
266.20002,15.195712
266.4,15.190975
266.59998,15.186257
266.80002,15.181702
267,15.177241
267.19998,15.172799
267.40002,15.168372
267.6,15.163857
267.79998,15.159268
268.00002,15.154621
268.2,15.149867
268.39998,15.145168
268.60002,15.14087
268.8,15.136613
268.99998,15.132502
269.20002,15.128389
269.4,15.124315
269.59998,15.12026
269.80002,15.116113
270,15.111871
270.19998,15.107724
270.40002,15.103725
270.6,15.099814
270.79998,15.095906
271.00002,15.09198
271.2,15.088125
271.39998,15.084272
271.60002,15.080384
271.8,15.076528
271.99998,15.072768
272.20002,15.069045
272.4,15.065299
272.59998,15.061613
272.80002,15.058092
273,15.055156
273.19998,15.052241
273.40002,15.049676
273.6,15.047567
273.79998,15.045259
274.00002,15.043076
274.2,15.041155
274.39998,15.039086
274.60002,15.037087
274.8,15.035258
274.99998,15.033538
275.20002,15.031925
275.4,15.030224
275.59998,15.028505
275.80002,15.027021
276,15.025706
276.19998,15.024759
276.40002,15.023991
276.6,15.02365
276.79998,15.023107
277.00002,15.022468
277.2,15.021833
277.39998,15.021162
277.60002,15.020541
277.8,15.019998
277.99998,15.019529
278.20002,15.019129
278.4,15.018898
278.59998,15.018723
278.80002,15.018672
279,15.018717
279.19998,15.018633
279.40002,15.018564
279.6,15.018481
279.79998,15.018489
280.00002,15.018603
280.2,15.018832
280.39998,15.019116
280.60002,15.019414
280.8,15.019606
280.99998,15.020001
281.20002,15.020538
281.4,15.021042
281.59998,15.021491
281.80002,15.021808
282,15.021945
282.19998,15.022008
282.40002,15.022233
282.6,15.023123
282.79998,15.024216
283.00002,15.025377
283.2,15.026653
283.39998,15.02826
283.60002,15.029697
283.8,15.030697
283.99998,15.031734
284.20002,15.032936
284.4,15.034153
284.59998,15.035264
284.80002,15.036448
285,15.037719
285.19998,15.039032
285.40002,15.040399
285.6,15.041836
285.79998,15.043259
286.00002,15.044641
286.2,15.046027
286.39998,15.047321
286.60002,15.048629
286.8,15.049978
286.99998,15.051474
287.20002,15.053039
287.4,15.054572
287.59998,15.05616
287.80002,15.057762
288,15.05935
288.19998,15.061085
288.40002,15.063017
288.6,15.065284
288.79998,15.067405
289.00002,15.069521
289.2,15.071568
289.39998,15.073541
289.60002,15.07551
289.8,15.07741
289.99998,15.079365
290.20002,15.081297
290.4,15.083252
290.59998,15.08528
290.80002,15.087341
291,15.089424
291.19998,15.091489
291.40002,15.093568
291.6,15.095633
291.79998,15.097716
292.00002,15.099832
292.2,15.101952
292.39998,15.104071
292.60002,15.106169
292.8,15.108252
292.99998,15.110335
293.20002,15.112469
293.4,15.114588
293.59998,15.116689
293.80002,15.11875
294,15.120778
294.19998,15.122787
294.40002,15.124774
294.6,15.126765
294.79998,15.128811
295.00002,15.13089
295.2,15.132917
295.39998,15.134908
295.60002,15.136895
295.8,15.138867
295.99998,15.140839
296.20002,15.142845
296.4,15.144743
296.59998,15.146697
296.80002,15.148647
297,15.150619
297.19998,15.15261
297.40002,15.154615
297.6,15.15655
297.79998,15.158486
298.00002,15.160362
298.2,15.162261
298.39998,15.164122
298.60002,15.16598
298.8,15.167824
298.99998,15.169686
299.20002,15.171562
299.4,15.173442
299.59998,15.175359
299.80002,15.177345
300,15.179335
300.19998,15.181344
300.40002,15.183348
300.6,15.1851
300.79998,15.186686
301.00002,15.188305
301.2,15.189836
301.39998,15.191312
301.60002,15.192839
301.8,15.19437
301.99998,15.195901
302.20002,15.197483
302.4,15.199014
302.59998,15.200453
302.80002,15.20187
303,15.203291
303.19998,15.204712
303.40002,15.206129
303.6,15.207476
303.79998,15.208842
304.00002,15.210167
304.2,15.211477
304.39998,15.212824
304.60002,15.214223
304.8,15.215588
304.99998,15.216917
305.20002,15.218224
305.4,15.219461
305.59998,15.220753
305.80002,15.222078
306,15.223241
306.19998,15.224313
306.40002,15.225436
306.6,15.226563
306.79998,15.227579
307.00002,15.228666
307.2,15.229774
307.39998,15.230937
307.60002,15.232116
307.8,15.233261
307.99998,15.234387
308.20002,15.235565
308.4,15.236765
308.59998,15.237965
308.80002,15.239162
309,15.240343
309.19998,15.241507
309.40002,15.24267
309.6,15.243903
309.79998,15.245103
310.00002,15.246284
310.2,15.247517
310.39998,15.248791
310.60002,15.250027
310.8,15.251297
310.99998,15.252533
311.20002,15.253715
311.4,15.254984
311.59998,15.256239
311.80002,15.257457
312,15.258727
312.19998,15.259908
312.40002,15.260998
312.6,15.262378
312.79998,15.264146
313.00002,15.266388
313.2,15.268377
313.39998,15.270219
313.60002,15.27213
313.8,15.273972
313.99998,15.275759
314.20002,15.277652
314.4,15.279402
314.59998,15.281225
314.80002,15.283104
315,15.285107
315.19998,15.287169
315.40002,15.289194
315.6,15.29116
315.79998,15.293094
316.00002,15.295082
316.2,15.29714
316.39998,15.299165
316.60002,15.301208
316.8,15.303248
316.99998,15.305291
317.20002,15.307352
317.4,15.309392
317.59998,15.311362
317.80002,15.313442
318,15.31561
318.19998,15.317763
318.40002,15.319952
318.6,15.322157
318.79998,15.32442
319.00002,15.326738
319.2,15.329071
319.39998,15.331371
319.60002,15.333524
319.8,15.33582
319.99998,15.33834
320.20002,15.340951
320.4,15.343742
320.59998,15.346555
320.80002,15.349313
321,15.352086
321.19998,15.354991
321.40002,15.357932
321.6,15.36087
321.79998,15.363701
322.00002,15.366532
322.2,15.369324
322.39998,15.37221
322.60002,15.375169
322.8,15.378125
322.99998,15.381176
323.20002,15.384539
323.4,15.388174
323.59998,15.391756
323.80002,15.395541
324,15.399891
324.19998,15.404317
324.40002,15.408028
324.6,15.411589
324.79998,15.415208
325.00002,15.41879
325.2,15.422535
325.39998,15.426465
325.60002,15.430396
325.8,15.434305
325.99998,15.438236
326.20002,15.442185
326.4,15.44624
326.59998,15.450281
326.80002,15.454303
327,15.458285
327.19998,15.46227
327.40002,15.466384
327.6,15.470458
327.79998,15.474644
328.00002,15.478904
328.2,15.48318
328.39998,15.487476
328.60002,15.491828
328.8,15.49625
328.99998,15.500748
329.20002,15.505264
329.4,15.509796
329.59998,15.514313
329.80002,15.518774
330,15.523269
330.19998,15.527748
330.40002,15.532282
330.6,15.536906
330.79998,15.541495
331.00002,15.546139
331.2,15.550872
331.39998,15.555553
331.60002,15.56027
331.8,15.564948
331.99998,15.569591
332.20002,15.57429
332.4,15.57917
332.59998,15.584161
332.80002,15.589318
333,15.594638
333.19998,15.600014
333.40002,15.605299
333.6,15.61082
333.79998,15.616563
334.00002,15.622306
334.2,15.628102
334.39998,15.634083
334.60002,15.640229
334.8,15.646648
334.99998,15.653087
335.20002,15.659618
335.4,15.666238
335.59998,15.672677
335.80002,15.679116
336,15.685516
336.19998,15.692083
336.40002,15.699053
336.6,15.706131
336.79998,15.713394
337.00002,15.720731
337.2,15.728377
337.39998,15.735787
337.60002,15.743451
337.8,15.751484
337.99998,15.759718
338.20002,15.768135
338.4,15.776459
338.59998,15.784784
338.80002,15.79331
339,15.801855
339.19998,15.81051
339.40002,15.819163
339.6,15.827799
339.79998,15.836637
340.00002,15.845638
340.2,15.854586
340.39998,15.863515
340.60002,15.872516
340.8,15.881628
340.99998,15.890667
341.20002,15.899797
341.4,15.909054
341.59998,15.91866
341.80002,15.928192
342,15.938147
342.19998,15.948944
342.40002,15.959778
342.6,15.970244
342.79998,15.980381
343.00002,15.990628
343.2,16.00102
343.39998,16.01134
343.60002,16.021623
343.8,16.031868
343.99998,16.042096
344.20002,16.052415
344.4,16.06277
344.59998,16.073107
344.80002,16.083371
345,16.093634
345.19998,16.103751
345.40002,16.113885
345.6,16.124185
345.79998,16.134448
346.00002,16.144326
346.2,16.15358
346.39998,16.161515
346.60002,16.169798
346.8,16.177935
346.99998,16.186199
347.20002,16.19505
347.4,16.203626
347.59998,16.211578
347.80002,16.219567
348,16.22697
348.19998,16.23331
348.40002,16.238183
348.6,16.243937
348.79998,16.249488
349.00002,16.254289
349.2,16.259345
349.39998,16.263192
349.60002,16.264108
349.8,16.265188
349.99998,16.267111
350.20002,16.268759
350.4,16.270445
350.59998,16.272038
350.80002,16.273704
351,16.274803
351.19998,16.274912
351.40002,16.27427
351.6,16.274086
351.79998,16.272729
352.00002,16.271208
352.2,16.269943
352.39998,16.268825
352.60002,16.267853
352.8,16.266588
352.99998,16.26525
353.20002,16.264059
353.4,16.262336
353.59998,16.260008
353.80002,16.256417
354,16.251488
354.19998,16.247219
354.40002,16.243096
354.6,16.238406
354.79998,16.233826
355.00002,16.22886
355.2,16.223511
355.39998,16.218546
355.60002,16.213581
355.8,16.2077
355.99998,16.20193
356.20002,16.196672
356.4,16.191433
356.59998,16.18623
356.80002,16.181339
357,16.176192
357.19998,16.170935
357.40002,16.165696
357.6,16.160604
357.79998,16.155841
358.00002,16.151152
358.2,16.146518
358.39998,16.141921
358.60002,16.13736
358.8,16.1328
358.99998,16.128129
359.20002,16.123588
359.4,16.119375
359.59998,16.115529
359.80002,16.111867
360,16.108643
360.19998,16.106025
360.40002,16.104414
360.6,16.102821
360.79998,16.101338
361.00002,16.09872
361.2,16.096065
361.39998,16.097073
361.60002,16.100206
361.8,16.106287
361.99998,16.10931
362.20002,16.125483
362.4,16.152901
362.59998,16.187059
362.80002,16.231728
363,16.287129
363.19998,16.350496
363.40002,16.424961
363.6,16.509478
363.79998,16.592895
364.00002,16.686841
364.2,16.786136
364.39998,16.886269
364.60002,16.985103
364.8,17.086973
364.99998,17.196954
365.20002,17.305417
365.4,17.413673
365.59998,17.523338
365.80002,17.632017
366,17.741659
366.19998,17.851593
366.40002,17.961525
366.6,18.070803
366.79998,18.181006
367.00002,18.290896
367.2,18.400921
367.39998,18.510295
367.60002,18.619392
367.8,18.728974
367.99998,18.837482
368.20002,18.945506
368.4,19.053809
368.59998,19.160352
368.80002,19.265978
369,19.370316
369.19998,19.473119
369.40002,19.57636
369.6,19.679229
369.79998,19.781148
370.00002,19.882388
370.2,19.984778
370.39998,20.082518
370.60002,20.17773
370.8,20.271492
370.99998,20.365547
371.20002,20.459326
371.4,20.549406
371.59998,20.636261
371.80002,20.720753
372,20.804495
372.19998,20.885396
372.40002,20.969609
372.6,21.048112
372.79998,21.118519
373.00002,21.192589
373.2,21.262902
373.39998,21.325379
373.60002,21.390088
373.8,21.452383
373.99998,21.506051
374.20002,21.553933
374.4,21.599896
374.59998,21.640674
374.80002,21.669405
375,21.692869
375.19998,21.711677
375.40002,21.725749
375.6,21.724933
375.79998,21.721444
376.00002,21.709644
376.2,21.693493
376.39998,21.672871
376.60002,21.646305
376.8,21.612174
376.99998,21.578922
377.20002,21.540802
377.4,21.500838
377.59998,21.460303
377.80002,21.418487
378,21.373784
378.19998,21.32851
378.40002,21.282215
378.6,21.235789
378.79998,21.186692
379.00002,21.13884
379.2,21.091486
379.39998,21.045374
379.60002,20.998239
379.8,20.950923
379.99998,20.904997
380.20002,20.858925
380.4,20.812746
380.59998,20.767883
380.80002,20.723864
381,20.679333
381.19998,20.634802
381.40002,20.590455
381.6,20.546988
381.79998,20.502917
382.00002,20.458444
382.2,20.414465
382.39998,20.371824
382.60002,20.329695
382.8,20.289525
382.99998,20.250583
383.20002,20.210158
383.4,20.170593
383.59998,20.132421
383.80002,20.094104
384,20.055034
384.19998,20.01701
384.40002,19.978475
384.6,19.940615
384.79998,19.902904
385.00002,19.866585
385.2,19.831269
385.39998,19.797238
385.60002,19.76282
385.8,19.728516
385.99998,19.695384
386.20002,19.662526
386.4,19.629245
386.59998,19.595821
386.80002,19.562489
387,19.529191
387.19998,19.496006
387.40002,19.462836
387.6,19.429909
387.79998,19.398118
388.00002,19.367387
388.2,19.336872
388.39998,19.306198
388.60002,19.275396
388.8,19.244955
388.99998,19.214099
389.20002,19.183464
389.4,19.152951
389.59998,19.122279
389.80002,19.091627
390,19.061042
390.19998,19.030555
390.40002,19.000471
390.6,18.970747
390.79998,18.940883
391.00002,18.913033
391.2,18.885286
391.39998,18.857071
391.60002,18.829441
391.8,18.801329
391.99998,18.773719
392.20002,18.746054
392.4,18.718327
392.59998,18.690499
392.80002,18.66289
393,18.63531
393.19998,18.607758
393.40002,18.580206
393.6,18.552755
393.79998,18.525295
394.00002,18.497872
394.2,18.470551
394.39998,18.44322
394.60002,18.41589
394.8,18.388825
394.99998,18.362758
395.20002,18.336564
395.4,18.310634
395.59998,18.284678
395.80002,18.258503
396,18.232337
396.19998,18.206401
396.40002,18.180593
396.6,18.154665
396.79998,18.12884
397.00002,18.103143
397.2,18.077454
397.39998,18.051794
397.60002,18.025794
397.8,18.000502
397.99998,17.975886
398.20002,17.951143
398.4,17.928199
398.59998,17.905981
398.80002,17.883452
399,17.859667
399.19998,17.835603
399.40002,17.811923
399.6,17.788505
399.79998,17.765155
400.00002,17.741823
400.2,17.718315
400.39998,17.694911
400.60002,17.671275
400.8,17.647945
400.99998,17.624725
401.20002,17.602146
401.4,17.579883
401.59998,17.55745
401.80002,17.535366
402,17.513506
402.19998,17.491386
402.40002,17.46932
402.6,17.447681
402.79998,17.42611
403.00002,17.40496
403.2,17.384272
403.39998,17.363452
403.60002,17.342816
403.8,17.322055
403.99998,17.301236
404.20002,17.280674
404.4,17.260152
404.59998,17.2397
404.80002,17.219266
405,17.198964
405.19998,17.178952
405.40002,17.159141
405.6,17.139791
405.79998,17.120785
406.00002,17.10189
406.2,17.082851
406.39998,17.063737
406.60002,17.045006
406.8,17.026243
406.99998,17.007623
407.20002,16.988967
407.4,16.970405
407.59998,16.951841
407.80002,16.933185
408,16.915136
408.19998,16.897012
408.40002,16.879546
408.6,16.862868
408.79998,16.846464
409.00002,16.830754
409.2,16.815119
409.39998,16.799319
409.60002,16.783427
409.8,16.767793
409.99998,16.752505
410.20002,16.737162
410.4,16.722041
410.59998,16.706973
410.80002,16.692143
411,16.677607
411.19998,16.663381
411.40002,16.649832
411.6,16.636374
411.79998,16.622935
412.00002,16.609222
412.2,16.595381
412.39998,16.58165
412.60002,16.567974
412.8,16.554463
412.99998,16.540843
413.20002,16.528026
413.4,16.51607
413.59998,16.504205
413.80002,16.492376
414,16.480146
414.19998,16.468245
414.40002,16.457386
414.6,16.446527
414.79998,16.435358
415.00002,16.424317
415.2,16.413239
415.39998,16.402015
415.60002,16.390737
415.8,16.379769
415.99998,16.369076
416.20002,16.35873
416.4,16.348293
416.59998,16.337729
416.80002,16.327475
417,16.317495
417.19998,16.307827
417.40002,16.297976
417.6,16.288252
417.79998,16.278931
418.00002,16.26972
418.2,16.260491
418.39998,16.251262
418.60002,16.242033
418.8,16.232822
418.99998,16.223612
419.20002,16.214329
419.4,16.205154
419.59998,16.196292
419.80002,16.18754
420,16.178841
420.19998,16.170289
420.40002,16.162378
420.6,16.154557
420.79998,16.146938
421.00002,16.1391
421.2,16.131115
421.39998,16.123149
421.60002,16.115312
421.8,16.107546
421.99998,16.099782
422.20002,16.092072
422.4,16.084526
422.59998,16.076927
422.80002,16.069382
423,16.061855
423.19998,16.054292
423.40002,16.04673
423.6,16.039568
423.79998,16.032645
424.00002,16.02565
424.2,16.018525
424.39998,16.011475
424.60002,16.004425
424.8,15.997373
424.99998,15.990068
425.20002,15.982908
425.4,15.975838
425.59998,15.968826
425.80002,15.961831
426,15.955018
426.19998,15.948133
426.40002,15.941011
426.6,15.933923
426.79998,15.927076
427.00002,15.91957
427.2,15.910308
427.39998,15.900483
427.60002,15.891443
427.8,15.882656
427.99998,15.874804
428.20002,15.866697
428.4,15.858331
428.59998,15.849822
428.80002,15.841495
429,15.833659
429.19998,15.82621
429.40002,15.818999
429.6,15.811675
429.79998,15.804354
430.00002,15.797033
430.2,15.7896
430.39998,15.78217
430.60002,15.774904
430.8,15.767836
430.99998,15.761046
431.20002,15.754621
431.4,15.748047
431.59998,15.741732
431.80002,15.7356
432,15.729885
432.19998,15.723881
432.40002,15.71795
432.6,15.71218
432.79998,15.706742
433.00002,15.701122
433.2,15.695426
433.39998,15.689806
433.60002,15.684369
433.8,15.678873
433.99998,15.673272
434.20002,15.667908
434.4,15.664313
434.59998,15.660813
434.80002,15.657272
435,15.654156
435.19998,15.652336
435.40002,15.650349
435.6,15.647999
435.79998,15.645614
436.00002,15.642749
436.2,15.641295
436.39998,15.640225
436.60002,15.639535
436.8,15.638903
436.99998,15.638326
437.20002,15.63833
437.4,15.638264
437.59998,15.639203
437.80002,15.640193
438,15.640694
438.19998,15.64114
438.40002,15.64171
438.6,15.642064
438.79998,15.642638
439.00002,15.64319
439.2,15.64327
439.39998,15.642894
439.60002,15.641441
439.8,15.639855
439.99998,15.638073
440.20002,15.636542
440.4,15.635034
440.59998,15.63327
440.80002,15.631689
441,15.630122
441.19998,15.628613
441.40002,15.627028
441.6,15.625612
441.79998,15.624249
442.00002,15.622741
442.2,15.621138
442.39998,15.619685
442.60002,15.61814
442.8,15.616537
442.99998,15.614846
443.20002,15.613393
443.4,15.612137
443.59998,15.610866
443.80002,15.609797
444,15.609344
444.19998,15.609261
444.40002,15.609123
444.6,15.60962
444.79998,15.610705
445.00002,15.611992
445.2,15.613274
445.39998,15.614743
445.60002,15.616285
445.8,15.617877
445.99998,15.619839
446.20002,15.621892
446.4,15.624581
446.59998,15.627072
446.80002,15.629308
447,15.631503
447.19998,15.633793
447.40002,15.63612
447.6,15.638279
447.79998,15.640113
448.00002,15.642074
448.2,15.643375
448.39998,15.64446
448.60002,15.643587
448.8,15.641367
448.99998,15.639056
449.20002,15.637421
449.4,15.634722
449.59998,15.631736
449.80002,15.628439
450,15.625522
450.19998,15.622663
450.40002,15.619786
450.6,15.616485
450.79998,15.613353
451.00002,15.610148
451.2,15.607431
451.39998,15.604044
451.60002,15.598611
451.8,15.592736
451.99998,15.586957
452.20002,15.581926
452.4,15.5768
452.59998,15.571295
452.80002,15.566301
453,15.561394
453.19998,15.555981
453.40002,15.550604
453.6,15.545277
453.79998,15.540192
454.00002,15.535181
454.2,15.53011
454.39998,15.52435
454.60002,15.518494
454.8,15.512643
454.99998,15.506536
455.20002,15.500352
455.4,15.494355
455.59998,15.488085
455.80002,15.481499
456,15.474882
456.19998,15.468502
456.40002,15.461629
456.6,15.454186
456.79998,15.445945
457.00002,15.436918
457.2,15.427358
457.39998,15.417565
457.60002,15.408174
457.8,15.398724
457.99998,15.387727
458.20002,15.376949
458.4,15.366568
458.59998,15.356247
458.80002,15.346345
459,15.336403
459.19998,15.326246
459.40002,15.316048
459.6,15.305728
459.79998,15.295207
460.00002,15.284826
460.2,15.274433
460.39998,15.264132
460.60002,15.253867
460.8,15.243487
460.99998,15.23273
461.20002,15.221534
461.4,15.210388
461.59998,15.199175
461.80002,15.188248
462,15.177181
462.19998,15.166261
462.40002,15.155486
462.6,15.14487
462.79998,15.135447
463.00002,15.126096
463.2,15.117068
463.39998,15.107828
463.60002,15.098642
463.8,15.089414
463.99998,15.080082
464.20002,15.070799
464.4,15.061468
464.59998,15.052246
464.80002,15.042988
465,15.033797
465.19998,15.024539
465.40002,15.01541
465.6,15.006328
465.79998,14.997162
466.00002,14.987942
466.2,14.978678
466.39998,14.969348
466.60002,14.960139
466.8,14.951193
466.99998,14.942338
467.20002,14.933465
467.4,14.92495
467.59998,14.916661
467.80002,14.908365
468,14.899931
468.19998,14.892007
468.40002,14.884606
468.6,14.877029
468.79998,14.869562
469.00002,14.862125
469.2,14.854621
469.39998,14.847082
469.60002,14.83959
469.8,14.832561
469.99998,14.82577
470.20002,14.819143
470.4,14.813677
470.59998,14.807889
470.80002,14.801821
471,14.79576
471.19998,14.789389
471.40002,14.782883
471.6,14.776548
471.79998,14.770214
472.00002,14.763927
472.2,14.757648
472.39998,14.751387
472.60002,14.745064
472.8,14.738566
472.99998,14.731995
473.20002,14.725654
473.4,14.719612
473.59998,14.714063
473.80002,14.709291
474,14.704545
474.19998,14.6998
474.40002,14.694644
474.6,14.689662
474.79998,14.684825
475.00002,14.680181
475.2,14.675709
475.39998,14.671347
475.60002,14.667331
475.8,14.663198
475.99998,14.658891
476.20002,14.65463
476.4,14.650396
476.59998,14.646034
476.80002,14.6417
477,14.637722
477.19998,14.633853
477.40002,14.630121
477.6,14.626453
477.79998,14.622876
478.00002,14.619353
478.2,14.615987
478.39998,14.612556
478.60002,14.609007
478.8,14.606215
478.99998,14.603587
479.20002,14.601141
479.4,14.598942
479.59998,14.59646
479.80002,14.594106
480,14.592053
480.19998,14.59041
480.40002,14.588968
480.6,14.587882
480.79998,14.58664
481.00002,14.585617
481.2,14.584458
481.39998,14.583253
481.60002,14.582085
481.8,14.580981
481.99998,14.58014
482.20002,14.579629
482.4,14.579108
482.59998,14.578578
482.80002,14.578085
483,14.577473
483.19998,14.576961
483.40002,14.576522
483.6,14.576038
483.79998,14.575545
484.00002,14.575025
484.2,14.57444
484.39998,14.57391
484.60002,14.573398
484.8,14.572987
484.99998,14.572585
485.20002,14.572274
485.4,14.571972
485.59998,14.571625
485.80002,14.571259
486,14.570866
486.19998,14.570355
486.40002,14.569953
486.6,14.569651
486.79998,14.569486
487.00002,14.569376
487.2,14.569384
487.39998,14.56942
487.60002,14.569419
487.8,14.569336
487.99998,14.569317
488.20002,14.569353
488.4,14.56958
488.59998,14.569926
488.80002,14.570326
489,14.570754
489.19998,14.571045
489.40002,14.571327
489.6,14.571618
489.79998,14.57189
490.00002,14.572108
490.2,14.572317
490.39998,14.572663
490.60002,14.572945
490.8,14.573236
490.99998,14.57349
491.20002,14.573727
491.4,14.573899
491.59998,14.574154
491.80002,14.57459
492,14.575055
492.19998,14.575309
